usage_mins,monthly_bill,support_calls,churn
944.8908692357203,143.69866364907753,4.9,0
1153.0875341561841,101.95929857658751,3.8000000000000003,1
1132.016214920794,83.43115414856287,2.7,1
512.362061547651,98.09132415731648,2.7,0
909.7599631633221,125.81693518665209,3.8000000000000003,1
885.3297510838497,167.46239244865188,4.9,1
763.3098735236262,91.63336212294165,3.8000000000000003,1
1009.8104187275646,68.54248647530297,1.6,1
865.4303186601796,158.29201286140176,6.0,1
773.4270622394079,113.62953071725093,4.9,1
743.291537578519,91.35593681160137,8.200000000000001,1
946.9157826617517,61.104276603967925,4.9,0
1049.6786952838597,53.08987837685136,3.8000000000000003,1
983.339222253011,143.11297210107182,2.7,1
1008.515288818374,113.71688494262035,0.5,1
968.8176678151626,122.14139013180598,3.8000000000000003,1
749.4244173289314,127.06238604014116,2.7,1
699.6242780796408,186.7010123467649,1.6,1
914.6051607694781,138.06181247618878,2.7,1
1084.3055344836553,92.2675773843776,7.1000000000000005,1
703.09399364929,98.12128793718797,2.7,1
1190.8389801469139,91.57859147223124,3.8000000000000003,1
831.5640071133644,137.66590937343068,2.7,1
771.2234086699535,62.608408917157,4.9,1
974.447930529198,161.51210630945354,9.3,1
830.1962201987237,111.85588423589502,0.5,1
965.4729210732336,122.57900494900305,2.7,1
952.734617672394,102.066504010075,0.5,1
663.2790145936895,76.96606154205107,2.7,1
707.886980389829,111.09346230236973,8.200000000000001,1
898.8709227450595,104.28016723710836,2.7,0
785.7131353796811,65.87222979530459,2.7,1
935.8293683857263,91.05312558904711,1.6,1
1098.178693327285,91.48344286481426,3.8000000000000003,1
1071.9514710534263,161.58064833463365,2.7,1
1075.1503786663452,105.3792206654458,4.9,1
641.9768170702595,87.54030917922987,6.0,0
738.8106551122519,137.86975622970564,2.7,1
685.0451454609693,42.22697467678111,3.8000000000000003,0
828.9057539242599,105.89360771579652,1.6,1
748.2927195540265,75.10524881721275,1.6,1
1096.4199711667825,100.28738792492398,0.5,1
936.6773444853927,141.41660841206513,6.0,1
891.8590013154218,109.68925843278629,6.0,1
1094.1885619904226,98.6087981858151,1.6,1
1151.2342869122524,139.03795488229318,4.9,1
715.7248848940667,154.22921043260186,4.9,1
795.2016424944305,208.02181376709015,6.0,1
960.9769230514421,82.23264877125905,4.9,1
1076.5572852540486,163.15313584173157,6.0,1
870.0078670164804,96.063382618916,4.9,0
1028.5417981881224,131.2788680554586,4.9,1
1091.638302467807,58.502062511298334,2.7,1
906.3009618541257,65.47267065510431,1.6,1
836.2652656625105,103.2965153535359,6.0,1
991.4562616217029,91.84512939234367,0.5,1
1058.350294451529,143.41766284938222,3.8000000000000003,1
624.4863227296819,96.37863002258598,3.8000000000000003,1
981.1713201549462,87.20702534730964,3.8000000000000003,1
516.7377639017475,91.78306832147864,4.9,0
985.2535084195076,86.64788104179769,3.8000000000000003,1
1202.3589519728303,117.65209422009612,1.6,1
1040.706685492813,134.58732960810798,1.6,1
1237.3951019778387,67.55482825288554,6.0,1
927.030372729899,119.88394565790746,1.6,1
869.4082052976426,112.83980223615305,3.8000000000000003,1
950.1215981946868,35.58240480464858,2.7,0
768.4746617858993,104.7489506491101,3.8000000000000003,1
1006.3503396739775,132.54311884073704,4.9,1
1023.443463654527,142.3081970761875,3.8000000000000003,1
1124.2200357035947,87.62611625527784,3.8000000000000003,1
917.8799736499672,109.87695422488726,4.9,1
1209.591269939104,122.71579925020345,1.6,1
737.9751944099099,104.16196680302843,2.7,1
764.5882202989975,75.95129003267844,3.8000000000000003,1
918.8947641122661,147.76232697433753,3.8000000000000003,1
735.9038575235356,48.651705210033825,1.6,1
1067.5014534646473,91.09575496007184,6.0,1
892.0697050196064,66.23360450673975,7.1000000000000005,1
1072.2294184536445,74.5065970514339,0.5,1
958.6853081518727,137.1068737897057,0.5,1
607.7816067129918,123.01241471117278,2.7,1
918.2828455796305,119.17118656943863,1.6,1
1234.9076410289415,120.8793132750798,4.9,1
962.4739082082887,97.80629720389489,2.7,1
1081.9453622008564,98.23471911339698,4.9,1
962.310025040828,101.8124509013053,3.8000000000000003,1
964.7034866563017,189.91049437163275,4.9,1
724.4164704138982,141.49024296221828,1.6,1
866.5125627298926,137.2989458858527,10.4,1
881.6738201965248,146.8570256307568,2.7,1
844.8500686974895,161.84255413164095,2.7,1
892.4454594682288,128.5837921902851,3.8000000000000003,1
804.2358889292528,88.7301617727793,1.6,1
828.5147433005416,137.93648301336196,3.8000000000000003,1
768.2414760480879,80.71884898093452,4.9,1
978.1319338335536,153.65044543992835,7.1000000000000005,1
1024.368371672979,129.36726593378478,4.9,1
921.5170539495758,74.02493101062642,6.0,0
761.3473954284098,141.07308021752905,4.9,1
607.020078606962,112.40452087315009,4.9,1
829.9244678175593,89.29058556164529,0.5,1
886.0440073207869,142.34096789893516,6.0,1
592.2653479028943,99.2832768290191,4.9,1
975.413514261958,153.32220543340833,6.0,1
868.4130633682495,129.3414914137685,0.5,1
972.3175642104447,107.12740563729012,1.6,0
1067.8880817393128,80.23209993427234,3.8000000000000003,1
1077.5692465671868,77.0836220197164,4.9,1
703.9189492519006,72.81352067296375,3.8000000000000003,0
967.136214240046,80.79394763603517,7.1000000000000005,1
896.7279373538556,114.49433687316362,2.7,1
870.5801149922036,133.99205808827963,6.0,1
1207.8376447215437,79.07517519799084,3.8000000000000003,1
730.5245570914003,71.43979634389073,2.7,1
1117.6684390202013,80.10526442412439,4.9,1
754.7024141175891,84.73532596753557,7.1000000000000005,1
907.074406200657,123.79931292268337,3.8000000000000003,1
798.5197803826825,69.67577353435126,3.8000000000000003,0
899.7166002948152,111.26256187558165,4.9,1
676.605902087959,124.8818853857947,1.6,1
966.8334427567568,94.40239348287703,4.9,1
1057.2742523954605,147.9556428080025,3.8000000000000003,1
607.7395508184154,123.73856197823551,3.8000000000000003,1
1024.4052493086433,117.56712953309734,3.8000000000000003,1
775.1513639755929,158.63665799781813,4.9,1
676.9928850786949,155.95525170900638,1.6,1
966.7603978912684,96.05099055041023,4.9,1
710.7735028569402,118.23291483974663,3.8000000000000003,1
1040.4922037467795,131.63870981647725,3.8000000000000003,1
943.9381846907349,112.18819205955627,4.9,1
1122.382030771268,105.29547968335451,3.8000000000000003,1
672.1102057899132,91.37395363106737,1.6,0
798.7704831973888,53.016693063154804,4.9,1
938.3861065830888,81.0177693060659,2.7,1
1151.5296444884316,124.22380314712166,1.6,1
628.7806628820204,130.03957004976556,4.9,1
844.5998207634098,154.0323551884138,3.8000000000000003,1
1029.0059791602703,28.475181070825272,0.5,1
963.1382758883568,170.08147130307182,1.6,1
1084.7816851349776,88.84559347559676,3.8000000000000003,1
982.7783412162291,103.06406343381143,3.8000000000000003,1
781.5516024286571,131.80115962404946,1.6,0
931.5136960123692,148.40649453874565,2.7,1
688.4142038845,100.61940866412013,2.7,0
1045.720582600338,104.78237816181785,1.6,1
1121.9767670926044,102.01126386663185,2.7,1
923.2064903378605,38.63665320218711,7.1000000000000005,1
835.0599449301035,117.42049617134204,1.6,1
937.2888396993447,102.9339379500832,3.8000000000000003,1
777.3630237705553,124.66628359390342,3.8000000000000003,1
499.5774985724636,106.55544883809105,3.8000000000000003,0
716.0688461145579,133.11414086430779,3.8000000000000003,1
933.1036095709628,88.00425235348972,6.0,1
1005.270375634718,91.58499838410604,3.8000000000000003,1
791.0829610374511,134.22136126324068,1.6,1
940.7877105319052,146.5117722068226,3.8000000000000003,1
909.7320902047411,80.61668381633683,2.7,1
1009.8426215688102,123.17658303697316,2.7,1
790.0674867526852,128.8356988304611,3.8000000000000003,1
816.6796457877888,62.22978738403634,7.1000000000000005,1
1041.5164270417931,135.45518729322137,7.1000000000000005,1
1054.7831136567913,110.6486080765685,4.9,0
906.9790928650293,101.52772890355169,1.6,1
907.1540048055579,50.9989367411029,2.7,1
784.7095996097667,120.25349509917879,6.0,1
956.6724152133887,129.34849189683484,4.9,1
1012.9814796559245,106.32866401369608,3.8000000000000003,1
980.6578722424053,113.17438603573815,4.9,0
997.7507547289758,169.59120953466493,4.9,1
700.3377165013253,109.824774570785,3.8000000000000003,1
774.906370086082,168.17496441332906,3.8000000000000003,1
670.6352513541996,118.7627568836901,2.7,1
903.2282335008349,88.34295836560025,4.9,0
1078.5223239628735,96.54170264001445,2.7,1
1018.2899441545029,71.6447042065205,3.8000000000000003,1
688.300389207418,125.77301795184951,3.8000000000000003,1
972.8508184826726,130.9369616587989,4.9,1
1080.6197635308208,128.59086395664883,3.8000000000000003,1
979.1443122821769,160.7320914708468,6.0,1
1072.8607528059263,128.9978601858753,2.7,1
1054.5031526203256,140.60432331457227,4.9,1
950.6225706111479,119.40365375018798,1.6,1
924.8109870332003,121.33916751012134,2.7,1
844.1608972688828,103.50053191031984,1.6,1
783.2642234581158,125.29603673640082,4.9,1
819.5279147058109,110.14932381714848,4.9,1
801.5620845362328,71.964807045102,2.7,1
959.1782105147472,57.8942995084728,4.9,0
1045.876021318729,77.04320114302982,2.7,1
1101.9853113254533,150.7263264569931,1.6,1
980.1804338864989,136.17594352977787,1.6,0
743.7254054392583,110.0945439922209,1.6,1
1064.0832516538665,115.1162951191491,7.1000000000000005,1
906.9662098459906,112.09593285627821,2.7,1
1029.3163249717554,127.98599139773484,2.7,1
948.0376719383709,190.50121975567833,2.7,1
985.7912096260939,117.70924091677178,2.7,1
869.328856147689,113.27169567081931,6.0,1
1085.8585511888923,87.69665347433529,8.200000000000001,1
894.7557641724486,82.15767734963124,3.8000000000000003,1
555.4510730376114,104.88540866252166,4.9,1
664.0233195345666,109.33822143557609,2.7,1
879.8082769325429,73.0192527480235,2.7,1
1055.273969113031,126.76882696641518,3.8000000000000003,1
823.1110661347757,134.05187952741662,2.7,1
864.5935638778988,83.66805912772121,2.7,1
774.5641562251515,115.9618854141062,3.8000000000000003,1
996.8207338592442,115.20590756166303,6.0,1
1057.0090606572244,50.89919869693695,3.8000000000000003,1
890.3624640318565,113.5634085483399,1.6,1
962.1424468380807,155.12888425417836,8.200000000000001,1
1004.1280734120237,101.47361485752218,1.6,1
1201.0885935017536,120.95879286296969,6.0,1
717.6376039887391,135.70654140323174,3.8000000000000003,1
1005.8452154526785,84.98907870369524,2.7,1
1047.3043674257692,93.12978676378917,4.9,1
846.963984026552,159.2129828016284,4.9,1
941.5566978379683,83.34095809812794,2.7,1
1169.1314541967295,145.63465560901176,3.8000000000000003,1
1202.7827150336645,77.18189716720563,4.9,1
955.315951814018,134.69944238307815,6.0,1
997.4969399069732,117.63883963571489,3.8000000000000003,1
955.5666423135632,124.4542926176017,7.1000000000000005,1
896.073675453164,146.45818099241475,6.0,1
934.5684138944177,122.41553422532803,3.8000000000000003,1
1000.6954052991513,120.29064068019272,1.6,1
875.1019679336821,112.97123460376723,1.6,1
736.182351336725,105.24401748195213,4.9,1
936.5339102397287,101.7263836067357,4.9,1
961.3463338793815,177.64292806765812,4.9,1
865.8558594380946,137.71019400585894,0.5,1
772.9708798192348,109.29802404543283,6.0,1
883.1497688931897,101.03216746522378,2.7,0
711.9319724869599,105.62122776883075,1.6,0
674.1450004044038,86.90394990012403,2.7,0
957.8515895907483,140.40762325976888,4.9,1
943.530845154884,85.14341082203453,2.7,1
993.2608169377103,143.65888701324474,7.1000000000000005,1
606.2048560409419,119.95154522271251,2.7,1
759.643307363759,164.16155775727103,1.6,1
774.5450488438078,147.11947077833318,2.7,1
1020.0377401095401,120.87996648042761,2.7,1
776.0964874678756,106.00860912272897,2.7,1
966.9303389360796,90.79471334926309,2.7,0
1058.8456205643922,100.26916880087299,4.9,1
1112.7942798235426,158.3910933698303,4.9,1
843.8101649097308,133.5732375840323,8.200000000000001,1
819.8405014185216,43.10713894004158,4.9,1
1081.8977904492517,110.40418295499549,3.8000000000000003,1
1129.8575136832312,125.3788542547309,1.6,1
956.8176062443724,155.3908488881919,1.6,1
1116.2544779682707,122.32522405206103,4.9,1
933.100746592768,119.24351344011025,3.8000000000000003,1
741.6423984337368,131.63371918234284,4.9,1
864.8054270933712,121.87565270296528,6.0,1
938.2978636346611,205.71395886576397,2.7,1
1373.1953743862582,122.99022582110152,3.8000000000000003,1
928.9956404403201,130.45569028085782,3.8000000000000003,1
897.1936373076284,76.98471259448976,7.1000000000000005,1
1079.066772140066,120.3263073068383,3.8000000000000003,1
693.9911311032971,139.76525642727464,1.6,1
989.3979056707415,114.2787331597491,3.8000000000000003,1
758.3542687938651,72.91125713757476,2.7,1
870.3914190941521,135.51764016492186,3.8000000000000003,1
819.1299418852857,152.83313794183823,7.1000000000000005,1
1107.6904975245152,100.07293470739404,3.8000000000000003,1
1105.9266793151846,139.42961903182348,4.9,1
787.0404413478561,78.38439904155057,8.200000000000001,1
1047.8176392746427,93.84685183706102,4.9,1
1160.3916297499973,174.42481013475165,3.8000000000000003,1
1134.7712231128344,81.11453669698925,4.9,1
834.4073700088555,133.0617799393311,4.9,1
1108.666837092951,86.84831711126157,3.8000000000000003,0
767.6806396607994,104.40028771910556,7.1000000000000005,1
872.6355912975343,85.22467439257002,3.8000000000000003,0
936.8723815229221,137.6341824726613,0.5,1
854.1339563293109,165.13326970462043,4.9,1
1158.107401443822,134.50864607962612,1.6,1
1100.928743970311,129.68108621896107,1.6,1
937.0689760878623,121.91152539486541,0.5,1
811.1846047775578,80.34438085427757,7.1000000000000005,1
831.870850679895,192.74172075899355,3.8000000000000003,1
1121.0123139222276,104.39954655037303,8.200000000000001,1
832.597536225924,110.86702403860409,2.7,1
926.5136677621604,111.06370620880273,3.8000000000000003,1
775.2571913205147,105.96531051067824,1.6,1
757.6425776607011,127.83221801498689,3.8000000000000003,1
791.776887015455,22.78984635559266,3.8000000000000003,1
706.8707655290207,132.3458292753444,4.9,1
1166.4109252503135,85.98510889531642,0.5,1
960.471323046642,134.70171674418074,3.8000000000000003,1
1024.1741909648886,105.91775043157082,2.7,1
1138.3182278176137,112.25973329108534,1.6,1
934.191189183562,91.3878315077173,4.9,1
690.7872342843724,178.65892276569866,0.5,1
858.7452168259829,90.80273959817114,3.8000000000000003,1
770.0469495161453,85.26484181973349,2.7,0
1041.2197914528178,73.69925139542872,1.6,1
680.9704494833152,78.5953936925124,4.9,1
815.079467662787,66.45571544988132,10.4,1
936.654554254233,109.7156732578462,4.9,1
798.5707850528963,112.27420476708826,6.0,1
617.3756702661466,154.9367333151038,0.5,1
933.7743867167405,115.887971951292,3.8000000000000003,1
983.2468330328198,62.24811150409057,4.9,1
967.7090587534561,111.59114260622098,2.7,1
960.6103372849885,159.14770970925815,2.7,1
1015.8440470546157,81.84213639568942,7.1000000000000005,1
910.1204694015,136.77849662027802,3.8000000000000003,1
663.2601182445904,121.03149944750066,4.9,1
690.1191728943745,91.35485055714173,6.0,0
648.2465000291857,100.07776483907462,1.6,1
1095.1170938914088,87.65486567567191,2.7,1
893.0266828277036,104.98323868329872,4.9,1
821.2690403824317,116.01060442008982,3.8000000000000003,1
942.2415118393416,86.3311176972054,1.6,1
1037.056572134365,145.4431932753433,3.8000000000000003,1
847.908477020057,84.96249768082153,2.7,1
1212.9286044839992,125.16634479383447,2.7,1
805.3506111737872,138.71561395378134,4.9,1
949.271318475108,146.09909432989687,3.8000000000000003,1
910.9087728542338,106.06989386592063,8.200000000000001,1
850.8096273291081,168.1717539734135,3.8000000000000003,1
604.4751516438564,108.06791831347864,6.0,1
965.0468741655541,164.890808294638,2.7,1
926.7427385826036,114.31515459076141,3.8000000000000003,1
768.6049508496396,111.89893634589299,4.9,1
799.8350010138837,59.61208343108139,6.0,1
1038.7962792012668,160.14102316175482,4.9,1
810.1219883799454,152.00929893643388,2.7,1
875.7147532226766,54.98778057616444,2.7,0
984.4307375331113,12.403344082795662,4.9,1
816.6599127984532,78.32703513986847,2.7,1
544.3013339756444,151.09658186411795,4.9,1
793.7449613846945,153.0181946537716,3.8000000000000003,1
819.0821111407586,134.16143159366896,0.5,1
884.8373077921948,76.27299547970222,3.8000000000000003,0
1182.330520832529,147.7400961042436,4.9,1
887.7071751640337,120.18849568412344,1.6,1
906.8324319148776,141.259402636481,4.9,1
637.7613353063927,99.46148611075783,3.8000000000000003,1
758.33398663058,118.26264475022806,8.200000000000001,1
838.9992965779588,103.37502332029788,1.6,1
840.3767371029126,116.9026315579851,7.1000000000000005,1
769.9205956657042,84.73138550617553,2.7,0
893.0058216846298,92.66350201073185,4.9,1
979.6450365819143,133.5729446751528,1.6,1
1065.4486398323638,135.41931304719216,3.8000000000000003,1
998.0184622603077,141.49756921134957,1.6,1
1214.3496212667433,103.44799202595162,3.8000000000000003,1
1104.8815188199915,81.27128732962849,3.8000000000000003,1
846.5765708523572,121.10633878704685,6.0,1
1062.8570786333044,193.11489355250137,9.3,1
873.0203567823276,179.57437487644472,7.1000000000000005,1
843.2763679318314,70.30642687628786,2.7,0
620.8716114824642,122.78340741165376,2.7,1
572.6077888671357,94.30419877320884,1.6,1
1043.8490514964267,184.30637687210844,3.8000000000000003,1
795.6571925986309,156.35350227129516,3.8000000000000003,1
886.8900580233371,103.86936242428978,6.0,1
1060.1870956072064,133.26019338383023,1.6,1
862.1732765050106,167.2074964970756,2.7,1
923.8796440260217,32.2968777624405,2.7,1
864.5212098778111,100.15998418035917,4.9,1
950.1072389868373,98.07029708957914,1.6,1
847.0342176074216,65.6030838522864,4.9,1
981.7438271692101,123.61424989197765,0.5,1
919.0616086447649,163.92313707188774,3.8000000000000003,1
1108.6060784775843,147.88728844612214,2.7,1
619.1860027731441,88.2211817940119,2.7,0
924.2795465341318,84.41092414792263,2.7,1
1113.3780437740916,74.41509823653412,4.9,1
1070.6537757873846,67.7416722157153,1.6,1
753.7852058500467,81.50276240147986,4.9,0
1041.7124398635033,116.71793643393376,1.6,1
1004.7869534062349,150.0978386782725,6.0,1
992.3869980856052,51.83943540980442,4.9,1
808.140371483033,126.65416749842387,3.8000000000000003,1
1140.2434804878735,158.653369149123,3.8000000000000003,1
790.193077316773,107.03068841541528,3.8000000000000003,0
891.9687862679268,141.8271702144249,1.6,1
667.5414691540859,67.42574316799217,1.6,0
1201.478388741179,53.77605994069589,6.0,1
1127.0826301014138,130.29663134423782,4.9,1
795.288554270327,99.26717619342995,8.200000000000001,0
696.4121266154317,113.12110788347081,2.7,1
979.6587240380902,88.10811060930692,3.8000000000000003,1
782.2743753018335,134.39671142682877,1.6,1
581.2911696001304,99.74677265381354,3.8000000000000003,1
871.6565166955429,86.12107354630677,2.7,1
873.4865603577571,124.69308876281292,2.7,1
1100.3520410988226,111.65895697822265,1.6,1
744.7122320925154,146.44813302098592,2.7,1
785.582544505984,103.01338087531488,4.9,0
854.1274506287873,70.28734250639232,0.5,1
911.965135665005,114.78164772155961,3.8000000000000003,1
1013.9553722922983,60.87319418394863,3.8000000000000003,1
938.4515516788555,94.63178232065096,6.0,1
953.3946536167696,89.0621267272356,4.9,1
822.7210228234533,87.67760782888224,4.9,1
1132.0629312346719,149.6237082696965,4.9,1
1003.3782602971885,128.4260834587052,1.6,1
735.0660933214851,121.15401899339855,3.8000000000000003,1
858.9395856245606,103.6282504735139,1.6,1
978.0167625378845,99.17755000521112,4.9,1
990.845541758538,94.12043067671101,6.0,1
911.9864134787731,95.30472918659146,0.5,1
985.340251687401,119.29189642955357,1.6,1
970.7962599600269,135.34867630151925,4.9,1
671.9961962678044,62.017465257375456,4.9,1
686.415085985142,91.23268539829803,6.0,1
618.1518784051029,58.826467210315094,1.6,0
985.9408221199056,138.23471311352392,1.6,1
869.4805294339131,109.76096975012888,2.7,1
964.0960380716774,109.29147107802176,3.8000000000000003,1
854.8711570676044,74.68805922261852,3.8000000000000003,1
1115.66021909453,119.18597871031764,4.9,1
747.3264058769067,126.01586067455122,4.9,0
993.8369593006003,130.86672126100044,6.0,1
857.0435082257377,131.9198805057735,4.9,1
598.5899112536091,102.99969433498183,2.7,1
1189.4720652649467,98.00404385125138,1.6,1
883.0915023371138,112.85648146666448,1.6,1
998.7799879683682,120.3206969085575,3.8000000000000003,1
1096.352027158082,108.51647547076351,1.6,1
1180.6649002377649,101.09686980046916,2.7,1
624.8934011771134,80.57956076402303,3.8000000000000003,0
1218.070837494325,120.04479913021513,4.9,1
763.7857087065742,154.23327265827024,6.0,1
999.1618259735168,83.62360821705168,3.8000000000000003,0
720.9282545896796,108.24834487897358,2.7,1
710.7875025235032,65.81796361695754,1.6,0
1020.222858470552,123.06216706905434,1.6,1
1058.988804521264,204.9226100286453,6.0,1
889.3236334349822,118.81294896409378,2.7,1
693.5324317076288,132.28678938455764,6.0,1
1095.982190802343,132.9990828135062,2.7,1
1188.6440755141593,151.78926920002527,3.8000000000000003,1
954.3300847260165,105.73425352690295,3.8000000000000003,0
966.3628458620544,163.15816408628038,4.9,1
926.3069254994851,95.05283936522655,1.6,0
1054.256058263931,73.4537018614649,2.7,1
917.9113472544122,123.64696712075548,4.9,1
943.1117750272231,131.49246384739862,2.7,1
768.0801037088091,148.71198104690538,2.7,1
1008.7596205524775,108.53138593863945,6.0,1
1049.9240203893246,138.4897762675413,1.6,1
573.1430211749516,110.7774399308652,1.6,1
957.9701331013516,117.83907310866132,1.6,1
905.131354139535,103.16847356732981,3.8000000000000003,1
916.8425555023731,119.30862497734209,4.9,1
691.057191909637,102.05278774833356,4.9,1
1199.7541044669772,97.17208620758505,4.9,1
1100.156594899396,107.76289648751465,4.9,1
733.387999052484,129.29373883260757,6.0,1
826.370575074908,173.41316915552886,4.9,1
815.7700715714917,127.14927640677838,3.8000000000000003,1
737.5010278574756,112.49328969052306,0.5,1
1012.5466886460799,169.4245309814351,1.6,1
853.7067074658065,130.26506142598416,1.6,1
977.0474737181116,107.21208061753899,3.8000000000000003,1
883.4649527958418,82.24854785335472,4.9,1
995.7765441168563,131.3793231330647,2.7,1
601.8941123596114,75.92459480339187,6.0,1
938.6211156174638,67.09747887108728,3.8000000000000003,1
940.7762549008391,98.66266978285455,4.9,1
978.901553334176,100.120499133998,4.9,1
742.6114075367361,110.0922390473902,2.7,1
1164.0704856100306,98.47563680211854,2.7,1
681.7261223241852,50.98494558697422,3.8000000000000003,1
959.3396504344356,131.58970665145452,4.9,1
952.3255217950768,126.99002493081781,4.9,1
611.8429328097282,103.1041970331844,3.8000000000000003,1
1072.3048384481635,141.66737648703352,3.8000000000000003,1
1117.1617790100706,52.25578336697308,3.8000000000000003,1
918.4196840215154,86.66802542412074,6.0,1
829.682308298343,113.85217715013117,4.9,1
996.5401533351189,115.65831046272092,6.0,1
1052.5089874631333,101.1164568598087,4.9,1
803.1506693588958,102.40275701375423,4.9,1
1020.5006639470519,120.905380784845,2.7,1
549.9206805666165,69.96042134873527,4.9,0
1024.8689789067867,186.9282999480417,3.8000000000000003,1
868.0998792131517,98.3875556492225,7.1000000000000005,1
1244.3961812017155,52.09951936769277,3.8000000000000003,1
911.3750973040648,20.441444531515117,6.0,1
1091.6235145403987,117.5568494305549,2.7,1
1018.9950667784664,99.15800533320005,3.8000000000000003,1
1026.9904214181684,132.26970133256134,1.6,1
1136.454075663233,85.4334710493813,2.7,1
807.7030617475708,60.0470402396717,4.9,1
1214.2297438915384,113.73476057878015,2.7,1
967.6198279653811,80.31513872422843,8.200000000000001,1
888.3144295531238,132.7887863939412,6.0,1
1013.7215092219335,88.64989538604793,4.9,1
1014.9895848248435,123.2616539840429,4.9,1
958.1403855036067,115.17366183373397,3.8000000000000003,1
990.5862024084258,28.599310404918242,3.8000000000000003,1
950.6062544380686,106.15636980463239,2.7,1
809.1715625746205,106.00228511810286,7.1000000000000005,1
991.977125675172,118.31338230567083,4.9,1
917.7142989144065,88.99042619388185,1.6,1
659.5716191690256,78.862924794521,4.9,0
953.5023478207094,157.06919362058957,2.7,1
1022.8139662674499,96.53952059164095,2.7,1
982.8490247440346,156.15975567989676,3.8000000000000003,1
948.5142666300826,67.95022984312038,4.9,1
808.8329449543191,65.3484563173459,7.1000000000000005,1
833.4036752327314,97.7363738086026,0.5,0
1099.6637329070963,94.61249409173377,3.8000000000000003,1
1061.4434495222145,138.57084934150024,1.6,1
1085.3830463463582,121.8561819961103,2.7,1
829.524962682678,119.83732282615154,1.6,1
733.1837343380182,132.4496333457953,4.9,1
1166.3626320165245,160.13685096956976,6.0,1
1039.5598237619129,101.83304702908389,0.5,1
1068.8945497117534,122.01659550368534,6.0,1
797.1024707249007,62.89467267636778,0.5,1
772.187058105656,105.36705686787145,6.0,1
753.2306362510978,158.86824754931064,4.9,1
710.848075266547,100.4987165155876,1.6,1
1092.6936365118936,152.0926134104238,2.7,1
1053.880030273133,147.8245703182005,0.5,1
983.3723258152676,112.43459094202284,3.8000000000000003,1
963.3125204748037,115.70646574091646,1.6,1
820.2564776952345,134.57593784331914,4.9,0
935.6463641386965,114.74593203944512,2.7,1
1058.5094834939955,90.89014146213175,4.9,1
1111.6657450984508,63.94690070044055,6.0,1
891.7666175456957,134.61458786366765,4.9,0
956.0972646797329,102.47692102113075,2.7,0
890.2364994611041,134.4992845494281,6.0,1
781.2009285875806,97.43968740511951,2.7,0
932.9960024921401,139.53687416302327,6.0,1
897.0991998102885,138.5669358105888,6.0,1
859.1137275397688,149.73349637400696,4.9,1
810.501488798388,159.93618602172455,1.6,1
705.3372850731031,138.96291187929629,4.9,1
1134.9347300367158,110.19777424323259,0.5,1
732.9820644152031,111.91684628905958,2.7,1
848.0274310701905,110.66229329245004,2.7,0
975.9747590680593,144.34227778878946,1.6,1
827.7471332680791,75.41297324786002,1.6,1
929.9422598542385,44.214202603950014,3.8000000000000003,1
949.8049742346799,114.52595305618391,1.6,1
773.5534053550584,111.73882073088271,3.8000000000000003,1
920.5700563409436,88.76828656808219,9.3,1
702.6143062391724,112.1350785271764,2.7,1
1022.8413841550715,86.1968027313301,3.8000000000000003,1
937.9802559337177,73.40631740206618,3.8000000000000003,1
739.1035683765687,151.392073323681,2.7,1
985.8343722134541,147.45127391314105,2.7,1
857.3348566756388,147.3462958787153,4.9,1
835.9639839368983,109.96589466536237,4.9,1
885.5845904294214,196.40010143952756,6.0,1
717.2990027911139,132.16384639156962,2.7,0
845.8292931714102,84.23229976808264,4.9,0
1168.1598569227945,96.9713927680603,6.0,1
954.1825702322474,122.71393964785545,3.8000000000000003,1
688.5073459753607,128.41936647372097,3.8000000000000003,1
969.5517280542585,152.3982259023888,2.7,1
868.8516313051125,98.24611912051975,1.6,1
1123.1920060785096,55.838117641460656,2.7,1
785.8351459853104,59.614839605728825,1.6,1
901.1011238169087,84.89404004426268,3.8000000000000003,1
1114.491941955922,137.8515139568984,4.9,1
971.3226751271081,72.74962787302218,0.5,1
934.278025394689,129.52677316864435,4.9,1
926.4197758897194,133.51347272289493,3.8000000000000003,1
1180.0634871270222,106.67569794846526,3.8000000000000003,1
783.9401613773922,138.41710902856377,6.0,1
657.8856842171624,136.88546297361174,2.7,1
963.1316397006267,135.8280735617123,4.9,1
696.4728633587292,134.76748659941381,0.5,1
802.3675812857953,124.59432347300806,1.6,1
752.941407479526,69.97173427372479,6.0,1
1080.8021817424735,133.5271137192755,2.7,1
853.7505691138022,123.16601345492467,4.9,1
1262.3265966897147,82.68010593344673,3.8000000000000003,1
750.9733154380098,54.144327674106286,4.9,0
856.0509847925197,119.78660552763111,2.7,1
691.3872637462091,89.22892553876989,1.6,1
698.6569416163863,122.6154278761824,10.4,1
963.8874544568434,75.1510416994345,3.8000000000000003,1
940.8607950087669,161.78509735127523,3.8000000000000003,1
1219.5071790066982,114.05279753465038,4.9,1
1022.9348919720072,110.4396913978168,8.200000000000001,1
788.796647207367,166.75618165603623,2.7,1
972.7337830161287,76.3954859067186,3.8000000000000003,1
1061.5700767958356,134.7233997586354,2.7,1
966.0333228112945,103.49071019967253,7.1000000000000005,1
785.2129986971293,115.24440470272987,8.200000000000001,1
1069.9289586373218,116.78069964048858,1.6,1
997.5363116435385,101.81819378555078,9.3,1
829.7631042232449,139.40509492869867,8.200000000000001,1
769.3731946152018,60.961695307925815,2.7,1
929.6917322194047,165.13688180637772,7.1000000000000005,1
964.3834562890381,130.42738823272185,3.8000000000000003,0
1032.7716141608475,103.14646885214188,2.7,1
765.0930334131841,128.33341224116236,7.1000000000000005,1
941.252074112886,54.5026847740832,3.8000000000000003,1
756.379431595082,108.20366837955577,3.8000000000000003,1
1159.8410316601537,134.63528098029244,2.7,1
1149.6920085156714,122.67362262285775,7.1000000000000005,1
920.7323278960911,122.45818127551934,2.7,1
753.7286765496729,120.63725245307967,1.6,1
1014.0527732682817,183.71380927718425,4.9,1
666.4438342732055,143.40811191591402,3.8000000000000003,1
1011.4408884353361,127.55164942144847,1.6,1
691.1070941840104,117.69464373910112,2.7,0
1044.2690029399917,134.6479932677536,4.9,1
930.9373109741716,152.64716825445294,3.8000000000000003,1
1104.536787003971,70.27892801518556,3.8000000000000003,1
560.4130195816297,124.93182577736702,6.0,1
1163.0355149009795,124.6662450720278,1.6,1
971.0032076984937,65.94133396066954,4.9,1
825.7788205902935,50.46892460486571,4.9,1
807.3245835867706,142.92598805018653,4.9,1
1039.9259363772044,98.98843201124953,0.5,1
882.5871653164254,118.25505954763032,4.9,1
941.0934891585147,62.38198977826997,0.5,1
879.6485594385761,142.22623828375814,3.8000000000000003,0
1209.5681744035153,88.44334237842551,7.1000000000000005,1
890.8640219321832,56.82114384854797,2.7,1
897.1994409223007,66.30564039356942,3.8000000000000003,1
901.0736114738856,123.55334562537007,3.8000000000000003,1
914.8156140512401,123.50000593347491,3.8000000000000003,1
852.0326082570556,168.8770161875467,8.200000000000001,1
1017.083071458741,58.01118491077458,1.6,1
1155.0064781062479,74.77000887258146,2.7,0
998.3367514121824,58.5255253041423,3.8000000000000003,1
870.8535778667305,113.65172667633577,1.6,1
973.9358749726987,160.19565663947185,3.8000000000000003,1
1246.931553319768,152.91960584769916,1.6,1
759.057981732908,74.7587435308313,7.1000000000000005,1
1030.366368483908,144.30031887619438,6.0,1
1039.1450465067546,48.943695211915944,4.9,1
1012.9799918749696,109.11763068237678,2.7,1
1062.7071066621086,99.97310136882525,2.7,1
1070.778088610724,156.41706685704173,6.0,1
587.2613229509898,139.50573089969694,9.3,1
914.8790932869589,80.6631598511971,3.8000000000000003,1
1057.9642122353262,94.67785604226235,1.6,1
677.0723834546869,139.25808993202665,1.6,1
941.0699407930927,173.25786591852795,0.5,1
959.51947136882,141.1860673127055,4.9,1
1023.0647058797965,91.38350667925721,2.7,1
930.6207046663558,152.9022455986486,3.8000000000000003,1
845.6600703980621,130.49532375315366,4.9,1
946.9561484225616,95.9516267131825,3.8000000000000003,1
712.5032232927981,97.60126527236872,1.6,0
756.077001392193,73.87360209746872,0.5,0
987.6487709718178,186.46406085902504,3.8000000000000003,1
1191.1433468428904,86.02506800457384,6.0,1
933.3180531445588,78.91729501885553,4.9,1
892.3119574808777,140.70199238630673,2.7,1
733.2712841450789,109.6078688231491,2.7,0
726.6508553549461,56.410517887906636,4.9,1
977.7013984747913,105.09296384787757,6.0,0
569.5390327217402,90.52373147031068,3.8000000000000003,0
868.4603756216884,109.7435202393523,1.6,1
918.8840347756426,80.48619616846754,0.5,1
838.1356455280645,57.6535244401974,3.8000000000000003,0
835.4457518473242,100.60723185589136,3.8000000000000003,1
1054.811287323043,176.17575650079922,3.8000000000000003,1
770.2190463755285,90.1932443861515,4.9,1
907.7829518772468,108.32799943423575,2.7,1
884.0830712781787,112.92025784450004,6.0,1
887.5747735351717,126.56517359454357,1.6,1
1108.4710915250193,142.39060652504676,2.7,1
853.677835601602,91.74057992672573,1.6,1
989.8002267016823,100.55652004931221,4.9,1
600.334896331893,112.93539208764508,1.6,1
906.153887756841,183.9856490321827,2.7,1
715.9269362039554,145.2162246497945,12.600000000000001,1
1061.050503264174,138.1442957133069,2.7,1
814.9966792638731,95.50636389260431,1.6,0
880.7118687194632,135.81143615034927,4.9,0
1054.5007297912834,139.43008417652445,1.6,1
1055.9065754233072,57.69227861896028,3.8000000000000003,1
845.2940704965125,86.16984972699257,6.0,1
828.0910298189965,81.25134070388171,2.7,1
828.6671918874389,120.15020253500641,4.9,1
1006.7496434353407,56.76626028053038,3.8000000000000003,1
725.481235904368,123.35709647583673,6.0,1
906.0284464287897,101.9826419017285,3.8000000000000003,1
657.2223016635995,119.8510220004224,2.7,0
877.9361883438839,150.24401465584867,6.0,1
879.5546646229963,83.14534069866077,2.7,1
970.910789605417,114.05087630226961,2.7,0
849.5357492663545,101.78536080830304,1.6,0
773.0760588329417,113.6393950134264,2.7,1
766.6390141354334,87.44927124263481,9.3,1
776.149745136061,92.80513218753417,6.0,1
988.223742389863,163.21484725704664,2.7,1
750.770394826659,126.23171679344651,4.9,1
1043.4201397715806,106.87057815697304,4.9,1
590.5763543373404,198.69424724196386,2.7,1
748.418280308407,118.76806155282962,0.5,0
836.8194192197436,151.31352306626076,4.9,1
996.8301047288194,79.76846659441831,3.8000000000000003,1
683.8491070614165,150.73703502911738,2.7,1
917.1769993512568,172.32889965643915,1.6,1
1123.2389823412225,170.30813952663462,3.8000000000000003,1
895.2514969177914,113.03604513454621,7.1000000000000005,1
997.9100020602018,100.70912647494463,3.8000000000000003,1
898.33653196692,150.2107384656608,3.8000000000000003,1
862.3501552946492,105.01688630780676,7.1000000000000005,1
865.429601363445,122.12886488288461,0.5,1
855.8331367893561,150.40703724942338,3.8000000000000003,1
1012.1111503617826,161.5242279898229,6.0,1
1138.633037834809,169.35539629115715,4.9,1
1298.7835749500146,60.25804690340174,2.7,1
696.1557140566769,103.12087056133352,1.6,1
824.787235971337,123.02296014057316,4.9,1
1054.266599570704,132.78243041635585,1.6,1
892.2489141169705,121.77947856867955,2.7,1
1139.992456493873,67.7926459844059,4.9,1
909.697853113089,156.43113455163,2.7,1
800.060975056722,78.6710612108704,8.200000000000001,1
1089.456185325781,127.66669711658801,6.0,0
942.0227805280612,185.5692783523404,6.0,1
848.4879699434807,152.74191530735445,1.6,1
960.7520000356094,189.98851175654966,3.8000000000000003,1
852.8880085967326,177.31640204647601,3.8000000000000003,1
727.1477289514314,117.32004351688079,4.9,1
894.2553398468913,97.23778512392363,1.6,1
916.6813845996828,145.3970665842073,1.6,1
972.5721411268948,118.11912547373534,2.7,1
940.7868534214706,166.3932381173518,3.8000000000000003,1
769.1090182121476,130.79639135853867,3.8000000000000003,1
736.8826824316391,90.16771781893442,4.9,0
876.8379080358197,96.4908338941409,3.8000000000000003,0
841.904783004827,107.30129624363177,3.8000000000000003,1
871.5954195666129,79.60219715879953,9.3,1
972.3485919671047,56.59557662114038,7.1000000000000005,1
853.3709728453572,160.10593782793748,8.200000000000001,1
1029.6354814610363,113.73556796808701,1.6,1
910.8893277837883,101.40539668707483,7.1000000000000005,1
856.724718846994,129.9220118909459,3.8000000000000003,1
985.0622770003688,127.96420194827868,3.8000000000000003,1
789.2388489073963,150.61111930852425,1.6,1
1002.4898668473738,116.33202022251479,3.8000000000000003,1
984.3495308567224,120.19987477890515,1.6,1
948.2380200450536,99.14980561655136,3.8000000000000003,1
891.9988576390522,143.93988960399415,4.9,1
1062.1151868943177,132.41338110583385,0.5,1
826.7336615505037,104.99594485988001,4.9,0
1047.263585956361,109.89547264139517,2.7,1
748.9082478424627,126.82548891542905,3.8000000000000003,1
776.9733297743123,168.26507380425224,8.200000000000001,1
882.7395231127964,105.28753482923764,4.9,1
931.638416890471,124.1365286032793,1.6,1
888.5914659252833,97.82448371947864,4.9,1
1017.3317207778296,94.9912518851881,3.8000000000000003,1
1047.7128105517013,122.91811448015811,3.8000000000000003,1
1223.630043265919,30.611132579552738,2.7,1
1069.092237687425,116.68500198713657,6.0,1
652.8735928107185,68.01664482966024,3.8000000000000003,1
747.2955398288336,125.61687189277642,6.0,1
915.1208342541709,110.2378514536602,2.7,1
797.3820701028444,78.61613413886572,2.7,1
1105.90420153269,98.14291612010851,3.8000000000000003,1
960.9413325508565,110.8189300872143,6.0,1
721.7361770936976,103.51513295821188,1.6,1
739.1170511981347,57.95256434081037,3.8000000000000003,1
996.9756947528122,106.3206950188029,1.6,0
837.1944465462674,122.68881357164885,2.7,1
804.5413695684531,106.30029411943065,1.6,1
775.1993451992874,126.20485238893562,1.6,1
1201.8362065567842,146.7305086047119,2.7,1
1094.1551422302673,57.5135172890819,1.6,1
742.0422392809384,129.72566481840965,4.9,1
915.2878930074331,93.07402772794535,3.8000000000000003,1
758.237474673584,114.36922806540434,4.9,1
833.2734030081493,114.06055735475462,7.1000000000000005,0
1321.9803191389549,87.64819362449657,6.0,1
841.7841731471183,96.91195378150798,8.200000000000001,1
865.6086444408161,89.40269324346787,6.0,1
1145.8587924924682,125.22590389760063,4.9,1
734.0512291971578,91.44720158079618,2.7,1
926.929802616502,116.21881023367983,3.8000000000000003,1
1097.4803085040598,77.25893885484989,2.7,1
765.8094123688102,71.90180862398488,3.8000000000000003,1
1067.6691585520778,115.53401540219232,3.8000000000000003,1
872.3804095035997,106.70673492531382,4.9,0
720.8883596125888,65.83741310144708,2.7,1
773.2792753503506,55.510054877489075,2.7,0
1064.3702423393017,201.65395883000033,3.8000000000000003,1
902.6521537822914,113.9033917718452,3.8000000000000003,1
723.8262116824071,101.01748294140722,6.0,1
1029.8726126641577,47.701753053095786,3.8000000000000003,1
981.8619680085969,79.40420798270996,1.6,1
718.1819390062656,91.37624055329047,7.1000000000000005,1
799.4918599403978,92.88330562691274,6.0,1
877.1028775342486,107.88376139339185,3.8000000000000003,1
1037.8161508517503,148.89728336925802,6.0,1
713.213166902552,68.80520195877898,6.0,1
940.0467362432703,190.02276603077473,6.0,1
990.6779975390625,123.52475672469478,6.0,1
1173.699865209993,186.5679210657279,2.7,1
981.7348013122919,88.16544553681368,4.9,1
659.0809172761392,108.24081195451582,0.5,1
914.2546689076044,134.04875077512918,1.6,1
752.0173104709861,85.0005154228308,1.6,1
1081.2696167702973,123.00706177493095,2.7,1
807.9844565644621,104.38573899004354,6.0,1
553.9809345937898,122.00677607375219,0.5,0
654.9528867463193,138.03353153558234,1.6,1
966.5174109091074,142.21632619292313,4.9,0
879.452418890249,175.66217994499144,4.9,1
728.0973176437078,77.80559214494598,2.7,1
920.6026620292532,147.66654847272025,0.5,1
858.0196006866377,92.81471021916794,1.6,0
839.6097277663924,88.96521190807161,3.8000000000000003,1
1069.6159100544505,138.53488610583642,1.6,1
740.4006413305466,98.93471975053713,3.8000000000000003,1
978.5763933811176,72.68671739296715,3.8000000000000003,1
841.156567910716,114.88052878682419,2.7,1
1073.8649515572383,121.45741400574934,4.9,1
983.8307770239883,63.38896585005905,0.5,1
758.2778910440147,118.79565375906867,1.6,1
1039.020327167635,107.85220810538168,3.8000000000000003,1
837.8002026851273,153.4337149816867,2.7,1
884.1343986239312,90.48566637370423,1.6,1
919.9382850353411,102.40984933138442,4.9,1
833.3813997534431,80.05606285670717,7.1000000000000005,1
1117.150826675998,105.58116032793531,4.9,1
970.3945174930392,77.32181019490763,3.8000000000000003,1
1071.2464056929095,163.67550281763366,2.7,1
843.6346162988941,100.09663884686678,4.9,1
926.4656482572776,104.4679003701617,3.8000000000000003,1
909.7539653654296,88.37560236199049,1.6,1
1157.0947986190806,40.63933158892772,2.7,0
864.0054432814619,97.15746150989258,2.7,1
812.3762733732713,149.32940497934035,6.0,1
800.2112184792035,108.62707976730059,4.9,1
847.9629624866548,75.14528708461017,4.9,1
230.35650895449226,116.27777874958495,2.7,0
959.2503595928015,193.08163869584132,3.8000000000000003,1
725.7848166174886,104.04657012407034,2.7,1
983.3618889170325,121.31820023757723,3.8000000000000003,1
815.2032444846159,149.03429753558973,0.5,1
1087.4222579450834,116.5151456751821,4.9,1
1096.3430700149102,109.41167195775316,6.0,1
867.3523646740986,106.23407428956924,1.6,1
894.3276002154087,167.9668462965626,2.7,1
1060.4759988117908,52.832831664767916,2.7,1
770.5729814828157,104.29424939772139,9.3,1
490.1983353506603,88.9489296390185,3.8000000000000003,0
898.409695159899,82.81923462591985,0.5,0
881.7826932909642,108.94779461768131,3.8000000000000003,1
1294.3147017053452,82.3165294083085,4.9,1
977.6030723799895,114.83070596265289,3.8000000000000003,1
893.8723173998362,176.45513502102955,3.8000000000000003,1
987.557467491536,128.443407849795,4.9,1
799.7882821920437,88.93438311319713,2.7,0
561.1342397322148,104.59507198421473,6.0,1
715.9708560823092,124.40787782863484,7.1000000000000005,1
867.2433014478688,86.02187112419978,3.8000000000000003,1
710.1467620134142,68.6694145197556,3.8000000000000003,1
704.3670047180648,136.1232040515433,4.9,1
946.1223137590456,96.35916808272599,2.7,1
679.6643683388545,109.8817812107687,3.8000000000000003,1
858.5397217315588,55.89771776992258,2.7,0
882.4990914280136,81.4307868251802,6.0,1
977.8261641278048,146.385007889844,6.0,1
873.0520049901331,77.7407869174231,2.7,1
948.5062854596628,85.53113705262842,3.8000000000000003,0
895.5224880774392,117.35008659196818,3.8000000000000003,1
876.2260541557168,48.13162241649706,4.9,1
904.9606129998895,222.46259825434464,7.1000000000000005,1
788.9956995664188,165.96263278571698,3.8000000000000003,0
848.8326385501249,111.96833268081292,4.9,1
879.0727618851133,106.0782735507616,2.7,1
1076.9381935772044,130.9544725901828,1.6,1
875.317891432997,131.39819681042223,4.9,1
693.7773692696676,151.5847810853379,1.6,1
855.0782520900962,135.92982746718852,1.6,1
896.9988838468948,95.83318021092158,6.0,1
945.7065538207031,97.67427614032471,3.8000000000000003,1
818.0182280644782,119.59167916432972,2.7,1
984.175979919867,113.77194833111497,3.8000000000000003,1
775.2223148308667,104.55437853098279,6.0,1
787.4423324240297,63.41071588726341,3.8000000000000003,0
992.85297968355,133.22283998042624,3.8000000000000003,1
821.2961626930423,129.812858139892,4.9,1
1228.5019542616787,70.80302024230268,3.8000000000000003,1
916.8360687961582,166.3125242774596,2.7,1
1173.9139913523359,85.33024873076408,4.9,1
736.4438645944446,114.41813462580777,6.0,1
902.9498512971737,106.00159936154034,2.7,1
967.1627824450425,111.35349940205572,2.7,1
1161.6694466737226,141.1842124924937,2.7,1
729.6889169673753,156.34248524437572,3.8000000000000003,1
974.0395221014771,134.89287707890946,3.8000000000000003,1
758.0383418968718,105.85794374782645,4.9,1
1104.390910260734,169.45071185632636,3.8000000000000003,1
1189.8268887945205,40.87818033142099,2.7,1
839.5113748135832,87.55044295268203,7.1000000000000005,1
1023.615317847841,117.75666623744881,4.9,1
923.8308572946569,127.05772322290937,4.9,1
826.6107026647187,84.63362726775027,2.7,1
1150.8215353385485,55.84008027234536,3.8000000000000003,1
805.4602591537057,105.82890247160286,3.8000000000000003,0
798.9728823150772,124.63967716662474,3.8000000000000003,1
709.2369253550598,129.36707956881548,3.8000000000000003,1
1057.5920900446495,4.837694553501888,7.1000000000000005,1
967.3111555139917,135.36443886343372,2.7,1
1077.7646236817468,97.77501550195589,2.7,1
831.6544883272238,106.68805253011863,4.9,1
1006.8319842792796,121.00401260204063,3.8000000000000003,1
720.7776691154337,91.99341369791767,2.7,0
793.4337314981108,131.29932770400148,3.8000000000000003,1
827.3730805632833,149.89756266624715,2.7,1
1205.739554839552,106.75496618510161,6.0,1
1192.3285244215826,38.30135717801903,6.0,1
677.7864978168379,71.52876061132001,2.7,1
1173.234866181569,122.03112589784934,0.5,0
685.2112533650892,84.89861427134713,3.8000000000000003,1
1122.7345214739794,153.4937198583907,3.8000000000000003,1
636.127599090882,140.751340979666,7.1000000000000005,1
1026.9480783737258,141.43445587547913,4.9,1
1186.7813467885278,135.7516429327473,4.9,1
805.4702968275664,35.93603682000997,2.7,1
1017.3920092792594,108.11752482293146,2.7,1
743.604174346521,116.68383367780973,1.6,0
928.7724397871993,68.84745462635546,3.8000000000000003,1
848.302767826028,56.51412211029264,4.9,1
1157.7160956522666,118.22883950770286,1.6,1
900.9162534271561,121.11305862964969,3.8000000000000003,1
842.6540943225757,110.58355713820502,3.8000000000000003,1
889.18945750124,150.06587736460497,2.7,1
977.6354745419321,92.10918107195373,2.7,1
1151.6905763522086,130.73758298464296,4.9,1
1073.522259491267,115.85355949979005,6.0,1
712.452927559192,23.426952140885103,4.9,0
767.5791337138636,191.75449306163554,4.9,1
760.1749441094523,88.27188045350329,8.200000000000001,1
1086.9180983017227,151.38103615872237,3.8000000000000003,1
1014.0317264526765,85.0778853630463,6.0,1
897.7572809765935,109.349824021521,1.6,1
1096.3119239874954,79.23142118674897,2.7,1
825.7553114185491,71.84622714511572,4.9,1
1044.43628462463,104.0687559206919,7.1000000000000005,1
837.0284443484996,147.38073813630024,4.9,1
731.2982333861739,140.97712557068525,2.7,1
973.6823285732089,112.90555235592895,4.9,1
1034.1319064482475,82.4897892280303,6.0,1
862.6630693152846,163.32605233688673,3.8000000000000003,1
886.1200162845998,118.23821200544586,3.8000000000000003,1
893.2832283424249,100.03815559232785,2.7,1
875.3358880133792,76.38180005570864,0.5,1
1105.6609784654722,99.5611641462288,3.8000000000000003,1
470.18038865102244,112.61266086356994,2.7,0
1143.161947542712,103.56601392378731,3.8000000000000003,1
1088.8118961673863,110.55065377765798,4.9,1
1006.1746637650417,134.2749564256271,1.6,1
523.0251707951033,110.277690394185,2.7,0
823.3629488408617,108.3952185705281,2.7,1
1126.325480109489,96.32880645851317,6.0,1
1013.0688146650893,101.6086409586058,1.6,1
1031.8482926666243,78.49214790329343,4.9,1
835.1821355527243,123.02719877413206,2.7,0
1249.8056323084788,106.83424421168309,2.7,1
1008.1869873682407,142.71010808335927,4.9,1
897.9477220315168,66.45926962807764,3.8000000000000003,1
983.9594753272402,168.59434629174189,2.7,1
868.9661215080502,102.74418890892697,4.9,1
1059.1330771048083,93.60536370094769,1.6,1
930.3488706188496,133.07510654153114,6.0,1
979.963006939379,152.1781021504066,2.7,1
891.0360526729824,159.10606075063052,3.8000000000000003,1
886.5617494384219,133.40054047936349,4.9,1
865.9835285008214,134.36931048092762,1.6,1
833.5975081042554,164.57361092600254,6.0,1
1048.1405722296108,57.633567800259165,1.6,1
1026.4543361599353,114.52867909711657,0.5,1
1049.4180870221874,102.6744226770707,2.7,1
566.4008814825886,111.80509101053947,1.6,0
1029.6100076856312,203.50696850626647,2.7,0
1023.8445723755058,167.15524204469148,1.6,1
839.4791080409465,118.47721267148843,1.6,1
850.7988748675655,104.62918651309427,3.8000000000000003,1
1063.3999664205146,108.6013896611333,2.7,1
656.8182421942414,115.38332569108587,4.9,1
961.9984672211122,104.09563992764477,3.8000000000000003,1
1133.5639604643761,76.86629357580689,6.0,1
856.9257105491215,105.0238236086588,4.9,1
1135.719145692652,103.79122437842427,4.9,1
846.2335080156829,144.32554759722535,2.7,1
998.951013181596,140.76770053525829,4.9,1
899.4014648974044,64.66599653482962,7.1000000000000005,1
811.589850426252,62.20176412457514,3.8000000000000003,1
866.4894996336561,87.54542553766314,1.6,0
875.8347644903145,79.62657995172457,2.7,1
843.8117790867148,110.5185180100104,4.9,1
806.4276828837556,115.90641603078755,2.7,1
994.8761203959239,105.02117974324763,3.8000000000000003,1
